pliegue,error
1,0.26249999999999996
2,0.2830357142857143
3,0.25915996425379806
4,0.26362823949955316
5,0.28507596067917784
