pliegue,error
1,0.2839285714285714
2,0.28214285714285714
3,0.2716711349419124
4,0.2815013404825737
5,0.2931188561215371
