pliegue,error
1,0.23124999999999996
2,0.22232142857142856
3,0.22698838248436104
4,0.24307417336907955
5,0.24932975871313678
