pliegue,error
1,0.21785714285714286
2,0.21160714285714288
3,0.1974977658623771
4,0.2162645218945487
5,0.2019660411081322
