pliegue,error
1,0.2321428571428571
2,0.2607142857142857
3,0.24486148346738157
4,0.2832886505808758
5,0.27345844504021444
