pliegue,auc,modelo
1,0.6865979759460251,Ridge
2,0.6937334995599882,Ridge
3,0.6898208519907579,Ridge
4,0.7013440692348099,Ridge
5,0.7071589410541705,Ridge
6,0.6741512345679013,Ridge
7,0.6773001175778954,Ridge
8,0.7056033215755438,Ridge
9,0.69931841563786,Ridge
10,0.6748273074661963,Ridge
