pliegue,auc,modelo
1,0.6366878116749779,KNN
2,0.6335563948371956,KNN
3,0.6301366843843325,KNN
4,0.6759907873035231,KNN
5,0.683991286875581,KNN
6,0.6324588477366254,KNN
7,0.6334968400940625,KNN
8,0.68383120223398,KNN
9,0.6848287771898883,KNN
10,0.641633597883598,KNN
