pliegue,auc,modelo
1,0.6833125550014667,Lasso
2,0.7043102816075095,Lasso
3,0.6837617041284487,Lasso
4,0.699849026385486,Lasso
5,0.7096053748076097,Lasso
6,0.6864748677248677,Lasso
7,0.6834858171663727,Lasso
8,0.6956000146972369,Lasso
9,0.7034850823045268,Lasso
10,0.6789498824221046,Lasso
