pliegue,auc,modelo
1,0.7057971545907892,XGBoost
2,0.7246846582575536,XGBoost
3,0.6948312658641679,XGBoost
4,0.7307747407551619,XGBoost
5,0.7289858319895091,XGBoost
6,0.7204071134626691,XGBoost
7,0.7145833333333333,XGBoost
8,0.7428865373309818,XGBoost
9,0.7176642416225749,XGBoost
10,0.6951278659611992,XGBoost
