pliegue,recall_1,auc,modelo
1,0.6053571428571428,0.6366878116749779,KNN
2,0.7071428571428572,0.6335563948371956,KNN
3,0.6332737030411449,0.6301366843843325,KNN
4,0.6976744186046512,0.6759907873035231,KNN
5,0.7155635062611807,0.683991286875581,KNN
6,0.6517857142857143,0.6324588477366254,KNN
7,0.6732142857142858,0.6334968400940625,KNN
8,0.6964285714285714,0.68383120223398,KNN
9,0.6803571428571429,0.6848287771898883,KNN
10,0.6892857142857143,0.641633597883598,KNN
