pliegue,recall_1,auc,modelo
1,0.7285714285714285,0.6865979759460251,Ridge
2,0.7428571428571429,0.6937334995599882,Ridge
3,0.7352415026833632,0.6898208519907579,Ridge
4,0.7638640429338104,0.7013440692348099,Ridge
5,0.7477638640429338,0.7071589410541705,Ridge
6,0.7196428571428571,0.6741512345679013,Ridge
7,0.7517857142857143,0.6773001175778954,Ridge
8,0.7160714285714286,0.7056033215755438,Ridge
9,0.7178571428571429,0.69931841563786,Ridge
10,0.7339285714285714,0.6748273074661963,Ridge
