pliegue,auc,modelo
1,0.700143003813435,Logistica
2,0.7213002346729246,Logistica
3,0.6942765939470967,Logistica
4,0.7105016658524131,Logistica
5,0.7265467448839781,Logistica
6,0.6990887713109935,Logistica
7,0.7113683127572017,Logistica
8,0.7254445914168136,Logistica
9,0.720298721340388,Logistica
10,0.6950654027042915,Logistica
